TARGET_CLASS,configuration_id,criterion,ctg_min_time_per_job,ctg_schedule,search_budget,p_object_pool,ctg_time_per_class,Size,Length,Total_Time,Random_Seed,LineCoverage,LineCoverageBitString,BranchCoverage,BranchCoverageBitString,ExceptionCoverage,ExceptionCoverageBitString,Explicit_MethodExceptions,Explicit_TypeExceptions,Implicit_MethodExceptions,Implicit_TypeExceptions,WeakMutationScore,WeakMutationCoverageBitString,OutputCoverage,OutputCoverageBitString,MethodCoverage,MethodCoverageBitString,MethodNoExceptionCoverage,MethodNoExceptionCoverageBitString,CBranchCoverage,CBranchCoverageBitString
com.test.sometest.Base64,default,LINE;BRANCH;EXCEPTION;WEAKMUTATION;OUTPUT;METHOD;METHODNOEXCEPTION;CBRANCH,1,BUDGET,166,0.3,2,12,20,187514,1554344910349,0.9838709677419355,11111011111111111111111111111111111111111111111111111111111111,0.96875,11111111111111111011111111111111,0.0,0,0,0,0,0,0.9672131147540983,111111111111111111111111111111011111111111111111111111111111111111111111111111111111111111111111111111111111111101111111111111111111011111111111011111111111111111101111111111111111101111111111111111101111111111111111111111111000110111111111111111111111111111111111111111111111111111111111111111111111111111111111111111111101111111111111111111111111111111111111111111,1.0,111111,1.0,1111,1.0,1111,0.96875,11111111111111111011111111111111
