TARGET_CLASS,configuration_id,criterion,ctg_min_time_per_job,ctg_schedule,search_budget,p_object_pool,ctg_time_per_class,Size,Length,Total_Time,Random_Seed,LineCoverage,LineCoverageBitString,BranchCoverage,BranchCoverageBitString,ExceptionCoverage,ExceptionCoverageBitString,Explicit_MethodExceptions,Explicit_TypeExceptions,Implicit_MethodExceptions,Implicit_TypeExceptions,WeakMutationScore,WeakMutationCoverageBitString,OutputCoverage,OutputCoverageBitString,MethodCoverage,MethodCoverageBitString,MethodNoExceptionCoverage,MethodNoExceptionCoverageBitString,CBranchCoverage,CBranchCoverageBitString
com.test.applications.qmclotserver.easyFun,default,LINE;BRANCH;EXCEPTION;WEAKMUTATION;OUTPUT;METHOD;METHODNOEXCEPTION;CBRANCH,1,BUDGET,177,0.3,2,26,57,267569,1554344636424,0.6666666666666666,111101111110111111111000000111111111111111110000000111110000000111000000011100000001111111101110101111111111111111111,0.5675675675675675,1111101011000000000011010001111111111,1.0,11111111111111111,7,1,10,2,0.577570093457944,1111111110011110011111111111111111111111111111111111111111111111111110000000000000000000000000000000000000000000000000000000000000000000000000110000000000000001111111111111111111111111111111111111111111111111100000000000000000000000000000000000000000000000000000000000000000000000001000000000000000111111111101111100000011111111111111111111111111111111111111111111111111111111111111111111111111111111111111111111111111000000000000000000000000000000000000111111111111111111111111111111111111111111111111111111111111101111110111111011111,0.14285714285714285,0001001010010000000000000000,1.0,111111111111111,0.4666666666666667,101001100001011,0.4864864864864865,1111100000000000000001110001111111111
